profile,architecture,controller,mean_L,cvar90_L,worst_L,mean_V,cvar90_V,failure_rate,mean_unsafe_duration,mean_final_I,min_final_I,fail_p_rate,fail_a_rate,fail_h_rate,fail_phi_rate,fail_m_rate,fail_I_rate,worst_max_a,worst_max_h,worst_max_p,worst_min_m,cooling_scale,supply_scale,impulse_scale,resource_score
heat_150,C2.50_S1.20_I1.00,a10_minimax_v07,2.5807630808563347,3.622294179934648,3.9631743599556417,3.779254649563841e-08,3.779254649563841e-08,0.006666666666666667,0.001505555555555555,1.0401210473535416,1.013039952041396,0.0,0.0,0.006666666666666667,0.0,0.0,0.0,0.2793869271879976,1.008569353122435,0.7935915865773556,0.19538516715513854,2.5,1.2,1.0,1.7
heat_150,C2.50_S1.30_I1.00,a10_minimax_v07,2.5689975285488345,3.629014154774246,3.9537862723932444,3.7824353406446025e-08,3.7824353406446025e-08,0.006666666666666667,0.001505555555555555,1.0447299848810998,1.02702623239849,0.0,0.0,0.006666666666666667,0.0,0.0,0.0,0.2795984009910266,1.0085715897512229,0.7935916474456176,0.25267545246736983,2.5,1.3,1.0,1.8
heat_150,C2.40_S1.20_I1.00,a10_minimax_v07,2.5471024949706567,3.5689167982277334,3.8517384828465175,1.8518517539036027e-07,1.8518517539036027e-07,0.013333333333333334,0.003138888888888887,1.0397368377268519,1.013784883846786,0.0,0.0,0.02,0.0,0.0,0.0,0.2779251717627273,1.0146311458915143,0.7935103849167972,0.19327304294966008,2.4,1.2,1.0,1.5999999999999999
heat_150,C2.50_S1.10_I1.00,a10_minimax_v07,2.591114171894259,3.6019441856611207,3.9615371367392456,3.943166252696134e-08,3.943166252696134e-08,0.013333333333333334,0.001583333333333332,1.0347954481374957,1.002628313078972,0.0,0.0,0.006666666666666667,0.0,0.006666666666666667,0.0,0.2784486691831761,1.00856655275974,0.7935915194476165,0.13977329596214827,2.5,1.1,1.0,1.6
heat_150,C2.40_S1.30_I1.00,a10_minimax_v07,2.535417077013497,3.572653120673004,3.841191877774867,1.8527485675989097e-07,1.8527485675989097e-07,0.013333333333333334,0.0031444444444444428,1.044120702005002,1.026746040459247,0.0,0.0,0.02,0.0,0.0,0.0,0.2781320033572769,1.0146333536359324,0.7935104461745542,0.25416459290729015,2.4,1.3,1.0,1.7
heat_150,C2.30_S1.20_I1.00,a10_minimax_v07,2.5148643255024012,3.515344539491435,3.7491122797249794,5.735416978643974e-07,5.735416978643974e-07,0.02,0.006216666666666665,1.0393470644946246,1.0152477331452172,0.0,0.0,0.02,0.0,0.0,0.0,0.2764813335828929,1.0207059051131449,0.7934269895023471,0.19290203477869913,2.3,1.2,1.0,1.4999999999999998
heat_150,C2.40_S1.10_I1.00,a10_minimax_v07,2.5576692207383167,3.554116735316631,3.8790649582079757,1.8821753190048943e-07,1.8821753190048943e-07,0.02,0.003227777777777775,1.0346078712269162,1.0031098596091061,0.0,0.0,0.02,0.0,0.006666666666666667,0.0,0.27701174873615086,1.0146283849087776,0.7935103173330447,0.13672569784179467,2.4,1.1,1.0,1.5
heat_150,C2.30_S1.30_I1.00,a10_minimax_v07,2.5028113772306155,3.5113861342476675,3.7592409556934046,5.738003372869266e-07,5.738003372869266e-07,0.02,0.006216666666666665,1.0435406508417502,1.0264758537765428,0.0,0.0,0.02,0.0,0.0,0.0,0.2766676116013865,1.020708097826306,0.7934270511494163,0.2565588043456892,2.3,1.3,1.0,1.5999999999999999
heat_150,C2.30_S1.10_I1.00,a10_minimax_v07,2.525016397391732,3.5032631885853136,3.7935560472306222,5.764909517600561e-07,5.764909517600561e-07,0.02666666666666667,0.006305555555555553,1.0344266128881228,1.0037890753651868,0.0,0.0,0.02,0.0,0.006666666666666667,0.0,0.2756642711625705,1.0207031632942702,0.7934269214626004,0.13630809494558258,2.3,1.1,1.0,1.4
heat_150,C2.20_S1.20_I1.00,a10_minimax_v07,2.483568814158982,3.4614392532797313,3.6945837747358836,1.413871230399314e-06,1.413871230399314e-06,0.02666666666666667,0.009249999999999998,1.0389657037517648,1.0166003052068775,0.0,0.0,0.02666666666666667,0.0,0.0,0.0,0.27502856147382526,1.026749403024124,0.7933420790227234,0.19078685864678874,2.2,1.2,1.0,1.4000000000000001
heat_150,C2.20_S1.30_I1.00,a10_minimax_v07,2.4715337419636,3.4531607210699895,3.7032573173316274,1.4144002067098867e-06,1.4144002067098867e-06,0.02666666666666667,0.009249999999999998,1.0429829725173805,1.0262054275570922,0.0,0.0,0.02666666666666667,0.0,0.0,0.0,0.2751935757077231,1.0267515699346192,0.7933421410833585,0.25948313124577604,2.2,1.3,1.0,1.5000000000000002
heat_150,C2.20_S1.10_I1.00,a10_minimax_v07,2.493587514815911,3.454958811781142,3.721519831231833,1.419672723735115e-06,1.419672723735115e-06,0.03333333333333333,0.009349999999999997,1.034277127014432,1.0044450844905919,0.0,0.0,0.02666666666666667,0.0,0.006666666666666667,0.0,0.2743358730279359,1.0267466896522872,0.7933420104981431,0.1324025550825506,2.2,1.1,1.0,1.3000000000000003
heat_150,C2.10_S1.20_I1.00,a10_minimax_v07,2.453552456310654,3.404673572590439,3.6531630265425665,2.9462385019493986e-06,2.9462385019493986e-06,0.05,0.014647222222222218,1.0386031193235017,1.0162786265259807,0.0,0.0,0.056666666666666664,0.0,0.0,0.0,0.27358631355383706,1.0327597205431938,0.7932557450076801,0.18913583930810549,2.1,1.2,1.0,1.3
heat_150,C2.10_S1.30_I1.00,a10_minimax_v07,2.441517713142746,3.3919820427017933,3.648637953585965,2.9473155434231424e-06,2.9473155434231424e-06,0.05,0.014658333333333327,1.0424218692499916,1.0259351539738761,0.0,0.0,0.056666666666666664,0.0,0.0,0.0,0.27373661912328795,1.0327619470840956,0.7932558075032784,0.26265518210449623,2.1,1.3,1.0,1.4000000000000001
heat_150,C2.10_S1.10_I1.00,a10_minimax_v07,2.4632434873159714,3.4022323500709524,3.6537144549658525,2.9543720782466558e-06,2.9543720782466558e-06,0.056666666666666664,0.014741666666666662,1.0341464272660332,1.00549354631095,0.0,0.0,0.056666666666666664,0.0,0.006666666666666667,0.0,0.2730009981939339,1.0327569227114823,0.7932556759724407,0.129828164569373,2.1,1.1,1.0,1.2000000000000002
heat_150,C2.00_S1.20_I1.00,a10_minimax_v07,2.4253713554707277,3.3490026170684613,3.603748597722905,5.620024028788514e-06,5.620024028788514e-06,0.07666666666666666,0.02321944444444444,1.0382644958417167,1.0153794903484674,0.0,0.0,0.07666666666666666,0.0,0.0,0.0,0.2721687841048079,1.038705603258171,0.7931691248665272,0.18704632072756378,2.0,1.2,1.0,1.2
heat_150,C2.00_S1.30_I1.00,a10_minimax_v07,2.4134651895456734,3.333132363350219,3.5956034682777025,5.622347695008829e-06,5.622347695008829e-06,0.07666666666666666,0.02321944444444444,1.0418775941840903,1.0256611599731236,0.0,0.0,0.07666666666666666,0.0,0.0,0.0,0.27230689466117847,1.0387079692254193,0.7931691877991882,0.26530144365104075,2.0,1.3,1.0,1.3
heat_150,C2.00_S1.10_I1.00,a10_minimax_v07,2.43513720409139,3.3499288933634763,3.5948163066947356,5.630611751132069e-06,5.630611751132069e-06,0.08333333333333333,0.023302777777777773,1.0340083599084449,1.0050991550634016,0.0,0.0,0.07666666666666666,0.0,0.006666666666666667,0.0,0.271662843468134,1.0387026097303689,0.7931690553164371,0.12712398216805773,2.0,1.1,1.0,1.1
heat_150,C1.90_S1.20_I1.00,a10_minimax_v07,2.3990863247624503,3.294495412150865,3.5438292077786744,1.014697252438964e-05,0.00010146641922096116,0.11,0.034574999999999995,1.0379497777747626,1.014657177859828,0.0,0.0,0.11,0.0,0.0,0.0,0.27077278837550484,1.0445464450170927,0.7930803892281857,0.18477484857431983,1.9,1.2,1.0,1.0999999999999999
heat_150,C1.90_S1.30_I1.00,a10_minimax_v07,2.38787882815267,3.2767498137439626,3.5378242326844402,1.015204180825005e-05,0.00010151704480316981,0.11,0.03460833333333333,1.0413445226525626,1.0247738027973465,0.0,0.0,0.11,0.0,0.0,0.0,0.270899969501779,1.0445490267777966,0.7930804525778224,0.26813923775658266,1.9,1.3,1.0,1.2
heat_150,C1.90_S1.10_I1.00,a10_minimax_v07,2.408738364603211,3.295194471995296,3.5131461852224852,1.0157154831645409e-05,0.0001015613353184225,0.11666666666666667,0.03466944444444444,1.033898835833523,1.0040765350142338,0.0,0.0,0.11,0.0,0.006666666666666667,0.0,0.27033354191508124,1.0445431415119961,0.7930803191792438,0.1252375183374883,1.9,1.1,1.0,1.0
heat_150,C1.80_S1.20_I1.00,a10_minimax_v07,2.375349117349618,3.242616568152459,3.492125989667046,1.750142156579948e-05,0.0001741482220940762,0.13333333333333333,0.04684722222222221,1.0376349583153113,1.0139149108992045,0.0,0.0,0.13666666666666666,0.0,0.0,0.0,0.2693996296396626,1.0502807160681356,0.7929776363940861,0.1836239548782631,1.8,1.2,1.0,1.0
heat_150,C1.80_S1.30_I1.00,a10_minimax_v07,2.364043078579812,3.2197256641567376,3.50762123792947,1.751111447602337e-05,0.00017424299310569551,0.13333333333333333,0.04686944444444443,1.0408350654540646,1.0239217959048537,0.0,0.0,0.13666666666666666,0.0,0.0,0.0,0.2695124570436436,1.050283774037913,0.7929777003929973,0.26993715005282864,1.8,1.3,1.0,1.1
heat_150,C1.80_S1.10_I1.00,a10_minimax_v07,2.3845988565908076,3.2431542823327826,3.469575349486071,1.7504321816146452e-05,0.00017400993642284376,0.13666666666666666,0.04695277777777776,1.0338153525819305,1.0032015937845566,0.0,0.0,0.13666666666666666,0.0,0.006666666666666667,0.0,0.26901318804540353,1.0502767327420164,0.7929775655819798,0.1252781530990676,1.8,1.1,1.0,0.9000000000000001
heat_150,C2.50_S1.00_I1.00,a10_minimax_v07,2.5975510003901374,3.5791574434728246,3.9303038738341676,3.3175587700383117e-06,3.311458679400359e-05,0.13666666666666666,0.006322222222222211,1.029158614027998,0.9935110399028244,0.0,0.0,0.006666666666666667,0.0,0.12,0.03,0.2769266271519283,1.0085630384768118,0.7935914453904936,0.07504906509526442,2.5,1.0,1.0,1.5
heat_150,C2.40_S1.00_I1.00,a10_minimax_v07,2.564088492286917,3.5337015145113453,3.853676437473941,3.465642927306674e-06,3.455185149728361e-05,0.14,0.007905555555555542,1.0291847548305797,0.994986133934336,0.0,0.0,0.02,0.0,0.11333333333333333,0.03,0.27542500939801273,1.0146249241336116,0.7935102427478632,0.07503612588402599,2.4,1.0,1.0,1.4
heat_150,C2.30_S1.00_I1.00,a10_minimax_v07,2.532521305780289,3.4859892645492976,3.779284608170807,3.821098248705554e-06,3.7957097743904844e-05,0.14666666666666667,0.010924999999999989,1.0292099125574392,0.9950130902726685,0.0,0.0,0.02,0.0,0.11,0.03333333333333333,0.273940230160531,1.0206997270205564,0.7934268463447097,0.07499887147564978,2.3,1.0,1.0,1.2999999999999998
heat_150,C2.20_S1.00_I1.00,a10_minimax_v07,2.5016348153992736,3.4409085481444186,3.7090864356333304,4.569259906822233e-06,4.547148501632148e-05,0.15,0.01364722222222221,1.0291991061819392,0.9948525345026832,0.0,0.0,0.02666666666666667,0.0,0.10333333333333333,0.03333333333333333,0.2725202216230942,1.026743284212308,0.7933419348133725,0.07492816516105365,2.2,1.0,1.0,1.2000000000000002
heat_150,C2.10_S1.00_I1.00,a10_minimax_v07,2.4720547069393994,3.39168366607947,3.6637260336265545,6.033803280846019e-06,5.994567806067856e-05,0.16333333333333333,0.01887777777777776,1.0292000150080662,0.9950087509371158,0.0,0.0,0.056666666666666664,0.0,0.10333333333333333,0.023333333333333334,0.27119898018977845,1.032753398828105,0.7932555996897859,0.07363353875145959,2.1,1.0,1.0,1.1
heat_150,C2.00_S1.00_I1.00,a10_minimax_v07,2.4441901985977075,3.344439255453696,3.609229321971705,8.685733381071059e-06,8.566401710551085e-05,0.18666666666666668,0.02715833333333332,1.0292353393711273,0.9956049460276725,0.0,0.0,0.07666666666666666,0.0,0.09333333333333334,0.03666666666666667,0.26993620967662024,1.0386988131169277,0.7931689784291269,0.07080313053670763,2.0,1.0,1.0,1.0
heat_150,C1.90_S1.00_I1.00,a10_minimax_v07,2.418078038359246,3.295893749280889,3.532013790022446,1.310209856430609e-05,0.00012799856292395375,0.21,0.03824999999999998,1.0293235837384433,0.9956367333012509,0.0,0.0,0.11,0.0,0.09,0.03333333333333333,0.2687236402265077,1.04453890389601,0.7930802416981488,0.06760453458511399,1.9,1.0,1.0,0.8999999999999999
heat_150,C1.80_S1.00_I1.00,a10_minimax_v07,2.3936445165933904,3.2461472669331934,3.4640677063170964,2.0374570287183432e-05,0.00019523247071021662,0.22333333333333333,0.05025277777777776,1.029435346296787,0.9946096697716744,0.0,0.0,0.13666666666666666,0.0,0.08666666666666667,0.04,0.2675165027542603,1.0502715299575631,0.792977487206169,0.06452517571790961,1.8,1.0,1.0,0.8
